Name,Image URL
AMD Ryzen 7 9800X3D 4.7 GHz 8-Core Processor,https://cdna.pcpartpicker.com/static/forever/images/product/7e2d17b7b777f8b56e1b5119aa97be20.1600.jpg
AMD Ryzen 7 7800X3D 4.2 GHz 8-Core Processor,https://cdna.pcpartpicker.com/static/forever/images/product/f0e0e59d75066ec825667b71c31e3c83.256p.jpg
AMD Ryzen 5 7600X 4.7 GHz 6-Core Processor,https://cdna.pcpartpicker.com/static/forever/images/product/fd6305088c9d16d59017b380fb9c408a.256p.jpg
AMD Ryzen 5 9600X 3.9 GHz 6-Core Processor,https://cdna.pcpartpicker.com/static/forever/images/product/8a0df381931efb7323f458cfc42260f8.256p.jpg
AMD Ryzen 9 9950X3D 4.3 GHz 16-Core Processor,https://cdna.pcpartpicker.com/static/forever/images/product/c091adac8120c424d3fcf03bec914302.256p.jpg
AMD Ryzen 5 5500 3.6 GHz 6-Core Processor,https://cdna.pcpartpicker.com/static/forever/images/product/49fca908d8863ded4df790bd3af6bc12.256p.jpg
AMD Ryzen 7 9700X 3.8 GHz 8-Core Processor,https://cdna.pcpartpicker.com/static/forever/images/product/a0f5a161d8c7ff3c6b0827423537a029.256p.jpg
AMD Ryzen 7 7700X 4.5 GHz 8-Core Processor,https://cdna.pcpartpicker.com/static/forever/images/product/6d3fb7600f26fb1e94e8b0c1a99e0bfa.256p.jpg
AMD Ryzen 5 5600 3.5 GHz 6-Core Processor,https://cdna.pcpartpicker.com/static/forever/images/product/49fca908d8863ded4df790bd3af6bc12.256p.jpg
Intel Core i7-14700K 3.4 GHz 20-Core Processor,https://cdna.pcpartpicker.com/static/forever/images/product/c3e5d01cec2fa20b6f47fe8a400c08d6.256p.jpg
AMD Ryzen 5 7600 3.8 GHz 6-Core Processor,https://cdna.pcpartpicker.com/static/forever/images/product/f0d757d712dd7145ecf00152653e5ec1.1600.jpg
Intel Core i5-14600K 3.5 GHz 14-Core Processor,https://cdna.pcpartpicker.com/static/forever/images/product/c8f65245aff45313f03aaad255078883.256p.jpg
AMD Ryzen 5 7500F 3.7 GHz 6-Core OEM/Tray Processor,https://cdna.pcpartpicker.com/static/forever/images/product/521c4c2de515ace1e8bb11575e797393.256p.jpg
Intel Core i5-12400F 2.5 GHz 6-Core Processor,https://cdna.pcpartpicker.com/static/forever/images/product/5fe3c9cc8cbaaa4aa52aed7389d2cc10.1600.jpg
AMD Ryzen 9 7900X 4.7 GHz 12-Core Processor,https://cdna.pcpartpicker.com/static/forever/images/product/8de723005cfc1b85071c4abf4d76bd4e.256p.jpg
Intel Core i9-14900K 3.2 GHz 24-Core Processor,https://cdna.pcpartpicker.com/static/forever/images/product/c9117c605854e9387e57cd69ebca2415.256p.jpg
Intel Core Ultra 7 265K 3.9 GHz 20-Core Processor,https://cdna.pcpartpicker.com/static/forever/images/product/19fb12d5828d3ae540e91eefa4160b79.256p.jpg
Intel Core Ultra 9 285K 3.7 GHz 24-Core Processor,https://cdna.pcpartpicker.com/static/forever/images/product/d658fbb8695607dc4964431e6b6b9373.256p.jpg
AMD Ryzen 9 9950X 4.3 GHz 16-Core Processor,https://cdna.pcpartpicker.com/static/forever/images/product/53669af807496f1034349a25fc685672.256p.jpg
Intel Core i5-14400F 2.5 GHz 10-Core Processor,https://cdna.pcpartpicker.com/static/forever/images/product/1a89e55daad13315da1822c1630dc26c.1600.jpg
AMD Ryzen 5 8500G 4.1 GHz 6-Core Processor,https://cdna.pcpartpicker.com/static/forever/images/product/2a87a9a2a5a34b013ae637285470d93a.1600.jpg
Intel Core i7-12700KF 3.6 GHz 12-Core Processor,https://cdna.pcpartpicker.com/static/forever/images/product/b69e4a2d3dd9f8fac9ed6bf1b631b0ce.256p.jpg
AMD Ryzen 5 7600X3D 4.1 GHz 6-Core Processor,https://cdna.pcpartpicker.com/static/forever/images/product/b684575be6a62b1fe86628cbbbca2ac4.256p.jpg
AMD Ryzen 7 3700X 3.6 GHz 8-Core Processor,https://cdna.pcpartpicker.com/static/forever/images/product/23cd3adfd50037c1b44d6d53edb15248.256p.jpg
AMD Ryzen 5 4500 3.6 GHz 6-Core Processor,https://cdna.pcpartpicker.com/static/forever/images/product/e1f3bf613a5651db6f394c8dd41f0f15.256p.jpg
Intel Core i5-12600KF 3.7 GHz 10-Core Processor,https://cdna.pcpartpicker.com/static/forever/images/product/01163d618db9518d03041c9997e23bb1.256p.jpg
AMD Ryzen 9 5900X 3.7 GHz 12-Core Processor,https://cdna.pcpartpicker.com/static/forever/images/product/1d7073a2deda3bd22963a7e248bbe3e4.256p.jpg
Intel Core i7-12700K 3.6 GHz 12-Core Processor,https://cdna.pcpartpicker.com/static/forever/images/product/3f7037db801def4db8418df8e7498e6a.256p.jpg
AMD Ryzen 7 5700X3D 3 GHz 8-Core Processor,https://cdna.pcpartpicker.com/static/forever/images/product/7945bbda871bfbf95a9138fd184f4a6e.1600.jpg
AMD Ryzen 7 7700 3.6 GHz 8-Core Processor,https://cdna.pcpartpicker.com/static/forever/images/product/6e6bcad6744a6a7302394f2edf5a6e34.1600.jpg
AMD Ryzen 7 5700 3.7 GHz 8-Core Processor,https://cdna.pcpartpicker.com/static/forever/images/product/5c2e33214954959b8fe3759699e29ad2.256p.jpg
Intel Core i5-14600KF 3.5 GHz 14-Core Processor,https://cdna.pcpartpicker.com/static/forever/images/product/c8f65245aff45313f03aaad255078883.256p.jpg
Intel Core Ultra 7 265KF 3.9 GHz 20-Core Processor,https://cdna.pcpartpicker.com/static/forever/images/product/fcf1376b4011b81307f2eb83fb68d582.256p.jpg
AMD Ryzen 7 5800X3D 3.4 GHz 8-Core Processor,https://cdna.pcpartpicker.com/static/forever/images/product/f83c6c4ee8cb5a6801f35aae5fc5d018.256p.jpg
Intel Core i3-12100F 3.3 GHz Quad-Core Processor,https://cdna.pcpartpicker.com/static/forever/images/product/c67d8f42c0e57b268f068172e9a3f571.1600.jpg
AMD Ryzen 7 8700G 4.2 GHz 8-Core Processor,https://cdna.pcpartpicker.com/static/forever/images/product/e5ca60dc2137886fac6e13e30aad8ed9.1600.jpg
Intel Core i5-12600K 3.7 GHz 10-Core Processor,https://cdna.pcpartpicker.com/static/forever/images/product/3f727799b9fc5e83f0e8953759946bd2.256p.jpg
Intel Core i7-14700KF 3.4 GHz 20-Core Processor,https://cdna.pcpartpicker.com/static/forever/images/product/92061d6108d4c4bf0deb77943506df11.256p.jpg
AMD Ryzen 9 7950X 4.5 GHz 16-Core Processor,https://cdna.pcpartpicker.com/static/forever/images/product/8de723005cfc1b85071c4abf4d76bd4e.256p.jpg
AMD Ryzen 5 8600G 4.3 GHz 6-Core Processor,https://cdna.pcpartpicker.com/static/forever/images/product/d5ae2e9f000a9c994f70e092b05c80ef.1600.jpg
AMD Ryzen 9 7950X3D 4.2 GHz 16-Core Processor,https://cdna.pcpartpicker.com/static/forever/images/product/4f8b13807b9b9e2ab921ddb6e6e81afb.256p.jpg
AMD Ryzen 7 8700F 4.1 GHz 8-Core Processor,https://cdna.pcpartpicker.com/static/forever/images/product/b6ab2ee57b91c56a92a3da6346e47627.1600.jpg
AMD Ryzen 3 3200G 3.6 GHz Quad-Core Processor,https://cdna.pcpartpicker.com/static/forever/images/product/3567a863156c083a7d4c8fcb7e0dbdac.1600.jpg
AMD Ryzen 5 7500F 3.7 GHz 6-Core Processor,https://cdna.pcpartpicker.com/static/forever/images/product/16ab7cbdba34490d23b883f1253ab148.256p.jpg
AMD Ryzen 5 2600 3.4 GHz 6-Core Processor,https://cdna.pcpartpicker.com/static/forever/images/product/55aea2dd64e2e3a3e3b1d678048d8d76.256p.jpg
Intel Core i5-10400F 2.9 GHz 6-Core Processor,https://cdna.pcpartpicker.com/static/forever/images/product/e5d8c71ba7c15404b87a7fcdf7251281.256p.jpg
AMD Ryzen 5 5600GT 3.6 GHz 6-Core Processor,https://cdna.pcpartpicker.com/static/forever/images/product/7a6babfed0885332f51c70772687fcd1.1600.jpg
Intel Core i7-13700K 3.4 GHz 16-Core Processor,https://cdna.pcpartpicker.com/static/forever/images/product/2f3405387f23ab827695d966ea9f9682.256p.jpg
Intel Pentium E2220 2.4 GHz Dual-Core Processor,https:https://images-na.ssl-images-amazon.com/images/I/51jpGWUTAKL.jpg
Intel Core i7-14700F 2.1 GHz 20-Core Processor,https://cdna.pcpartpicker.com/static/forever/images/product/367d869b80f32e8faa3075378677e28e.1600.jpg
Intel Core i3-14100F 3.5 GHz Quad-Core Processor,https://cdna.pcpartpicker.com/static/forever/images/product/874cc0e600bde06d75755309677a87e2.1600.jpg
AMD Ryzen 3 4100 3.8 GHz Quad-Core Processor,https://cdna.pcpartpicker.com/static/forever/images/product/43c4d752d1441ed420dd80502e718918.256p.jpg
AMD Ryzen 7 7800X3D 4.2 GHz 8-Core OEM/Tray Processor,https://cdna.pcpartpicker.com/static/forever/images/product/e8e7d9593f6e2f60baf789cbfb94eb55.256p.jpg
AMD Ryzen 5 3600X 3.8 GHz 6-Core Processor,https://cdna.pcpartpicker.com/static/forever/images/product/c7baf2c9c9cc15ae23adb24c2f4316fc.256p.jpg
Intel Core i9-9900K 3.6 GHz 8-Core Processor,https://cdna.pcpartpicker.com/static/forever/images/product/76f85d74fb4d0e2cc31f940bee5905c4.256p.jpg
Intel Core i7-7700K 4.2 GHz Quad-Core Processor,https://cdna.pcpartpicker.com/static/forever/images/product/e466732c63d1d636cf13e256bb7cf5ff.256p.jpg
AMD Ryzen 9 7900 3.7 GHz 12-Core Processor,https://cdna.pcpartpicker.com/static/forever/images/product/119ef93ef95a60950418031082149c5b.1600.jpg
AMD Ryzen 9 5900XT 3.3 GHz 16-Core Processor,https://cdna.pcpartpicker.com/static/forever/images/product/36739b3a1511a7c493b2f987b43cd144.256p.jpg
Intel Core i9-13900K 3 GHz 24-Core Processor,https://cdna.pcpartpicker.com/static/forever/images/product/9ec7bf0f10e60c175e9b64c51bab7240.256p.jpg
AMD Ryzen 9 3900X 3.8 GHz 12-Core Processor,https://cdna.pcpartpicker.com/static/forever/images/product/14adcd1fc88ebf386b746037c966b6af.256p.jpg
AMD Threadripper 3970X 3.7 GHz 32-Core Processor,https://cdna.pcpartpicker.com/static/forever/images/product/f2cacb6e0f6003d798989357654aff3c.1600.jpg
Intel Core Ultra 5 245KF 4.2 GHz 14-Core Processor,https://cdna.pcpartpicker.com/static/forever/images/product/86f90b80222ce0831fa4c548b8af3df2.256p.jpg
Intel Core i7-10700K 3.8 GHz 8-Core Processor,https://cdna.pcpartpicker.com/static/forever/images/product/6a40f9732bef504af112c33a980482b2.256p.jpg
AMD Ryzen 5 5500GT 3.6 GHz 6-Core Processor,https://cdna.pcpartpicker.com/static/forever/images/product/65f2a2e1999cd06b510b8ee145a2c14f.256p.jpg
Intel Core i9-12900KF 3.2 GHz 16-Core Processor,https://cdna.pcpartpicker.com/static/forever/images/product/c3d3a6843e0c0a5d98155e9fa68c092c.256p.jpg
AMD Ryzen 7 7700 3.6 GHz 8-Core OEM/Tray Processor,https://cdna.pcpartpicker.com/static/forever/images/product/1f2aab4ab8e27a0ec320481944020943.256p.jpg
Intel Core i3-12100 3.3 GHz Quad-Core Processor,https://cdna.pcpartpicker.com/static/forever/images/product/7fc9bd473f09de3bff4a5a44e832f399.256p.jpg
Intel Core i3-6100 3.7 GHz Dual-Core Processor,https:https://m.media-amazon.com/images/I/51m7931xzhL.jpg.1600.jpg
Intel Core i7-6700K 4 GHz Quad-Core Processor,https://cdna.pcpartpicker.com/static/forever/images/product/614a9c530cce56d1fafbc5ba97920ab1.256p.jpg
Intel Core i5-13600KF 3.5 GHz 14-Core Processor,https://cdna.pcpartpicker.com/static/forever/images/product/d151778af9f52d6ab1f9475a0ae84dc0.256p.jpg
AMD Ryzen 7 3800X 3.9 GHz 8-Core Processor,https://cdna.pcpartpicker.com/static/forever/images/product/23cd3adfd50037c1b44d6d53edb15248.256p.jpg
Intel Core i7-13700KF 3.4 GHz 16-Core Processor,https://cdna.pcpartpicker.com/static/forever/images/product/b2de198020c1bb1bda375064b94e60dc.256p.jpg
AMD Ryzen 5 9600 3.8 GHz 6-Core Processor,https://cdna.pcpartpicker.com/static/forever/images/product/27f7a8fb1bb5a1949879ec482c922757.1600.jpg
Intel Core i7-8700 3.2 GHz 6-Core Processor,https://cdna.pcpartpicker.com/static/forever/images/product/f3ce94aa244dd18d676b1f63f20001cd.256p.jpg
AMD Ryzen 5 2600X 3.6 GHz 6-Core Processor,https://cdna.pcpartpicker.com/static/forever/images/product/55aea2dd64e2e3a3e3b1d678048d8d76.256p.jpg
Intel Core i7-12700F 2.1 GHz 12-Core Processor,https://cdna.pcpartpicker.com/static/forever/images/product/1d6c5691988047da895d68961c33fe95.256p.jpg
AMD Ryzen 5 3600 3.6 GHz 6-Core Processor,https://cdna.pcpartpicker.com/static/forever/images/product/1cde5220cfb0f1e964dec5e5a9f2531d.1600.jpg
Intel Core Ultra 5 225 3.3 GHz 10-Core Processor,https://cdna.pcpartpicker.com/static/forever/images/product/58a1d2f8d0a6d13c9a6bd33593b65980.256p.jpg
Intel Core i7-7700 3.6 GHz Quad-Core Processor,https://cdna.pcpartpicker.com/static/forever/images/product/f927492257891d8bb2daf4b33d4a764f.256p.jpg
Intel Core i5-6500 3.2 GHz Quad-Core Processor,https:https://m.media-amazon.com/images/I/51LGOgLV8TL.jpg.1600.jpg
Intel Core i9-10900K 3.7 GHz 10-Core Processor,https://cdna.pcpartpicker.com/static/forever/images/product/b501d68b041d6f48bc11c402012d59cb.256p.jpg
AMD Ryzen 9 3950X 3.5 GHz 16-Core Processor,https://cdna.pcpartpicker.com/static/forever/images/product/bb4c0b72e3f78893b1e5b19ab570b2c1.1600.jpg
Intel Core i7-6700 3.4 GHz Quad-Core Processor,https://cdna.pcpartpicker.com/static/forever/images/product/771dc6ddec2978c73f3362ac4a8b540e.256p.jpg
Intel Core i7-10700F 2.9 GHz 8-Core Processor,https://cdna.pcpartpicker.com/static/forever/images/product/10ec5737be6d836dd041f66eaa76bcf4.1600.jpg
Intel Core i7-14700 2.1 GHz 20-Core Processor,https:https://m.media-amazon.com/images/I/31wU3YIRf4L.jpg.1600.jpg
Intel Core i5-8400 2.8 GHz 6-Core Processor,https://cdna.pcpartpicker.com/static/forever/images/product/066a1b8f33dd5d26a14a4a76eb254032.256p.jpg
Intel Core i3-13100F 3.4 GHz Quad-Core Processor,https://cdna.pcpartpicker.com/static/forever/images/product/735d84f17256242adcfad88d56d590bf.256p.jpg
Intel Core i9-11900K 3.5 GHz 8-Core Processor,https://cdna.pcpartpicker.com/static/forever/images/product/eb8ef73f5460ac6ad82f634b2dcf793a.256p.jpg
Intel Core i3-14100 3.5 GHz Quad-Core Processor,https://cdna.pcpartpicker.com/static/forever/images/product/874cc0e600bde06d75755309677a87e2.1600.jpg
Intel Core Ultra 9 285 2.5 GHz 24-Core Processor,https://cdna.pcpartpicker.com/static/forever/images/product/a051aaa938a14c4da1beb701532ad526.256p.jpg
Intel Core i7-6950X 3 GHz 10-Core OEM/Tray Processor,https:https://m.media-amazon.com/images/I/511IqL3RMBL.jpg.1600.jpg
Intel Core Ultra 7 265F 2.4 GHz 20-Core Processor,https://cdna.pcpartpicker.com/static/forever/images/product/c00ff53f4acdc4d3992f146486edf1ff.256p.jpg
Intel Core i3-10100F 3.6 GHz Quad-Core Processor,https://cdna.pcpartpicker.com/static/forever/images/product/1b6a8775e713620ebc864fb7bcc38ce5.256p.jpg
Intel Core i5-8600K 3.6 GHz 6-Core Processor,https://cdna.pcpartpicker.com/static/forever/images/product/aa134167a714bcf301976f148b735237.256p.jpg
Intel Core i3-8100 3.6 GHz Quad-Core Processor,https://cdna.pcpartpicker.com/static/forever/images/product/907d3d6fa5bcbf87be2045d806ccadd7.256p.jpg
AMD Ryzen 5 3500X 3.6 GHz 6-Core Processor,https://cdna.pcpartpicker.com/static/forever/images/product/7f766d0fb14c24f0cd101da14ec6d0a0.256p.jpg
Intel Core i5-6600K 3.5 GHz Quad-Core Processor,https://cdna.pcpartpicker.com/static/forever/images/product/39c7a343d00445b6e0e5d54d4b7ed561.256p.jpg
Intel Core i5-10600K 4.1 GHz 6-Core Processor,https://cdna.pcpartpicker.com/static/forever/images/product/cec5ee818776737baefc9603bdbf9391.256p.jpg
Intel Core i7-12700 2.1 GHz 12-Core Processor,https://cdna.pcpartpicker.com/static/forever/images/product/c8944273cfc755a0b216001a90b9fba2.256p.jpg
Intel Core i7-11700F 2.5 GHz 8-Core Processor,https://cdna.pcpartpicker.com/static/forever/images/product/fd3cc64653e9040372bb3570a019e71e.256p.jpg
AMD Ryzen 3 3100 3.6 GHz Quad-Core Processor,https://cdna.pcpartpicker.com/static/forever/images/product/614673693f9281d17b521cbf52799c68.256p.jpg
Intel Core i5-13400 2.5 GHz 10-Core Processor,https://cdna.pcpartpicker.com/static/forever/images/product/1fa41c2b4b5cf8ab078c42259685c8ed.256p.jpg
Intel Xeon E5-2630 V2 2.6 GHz 6-Core Processor,https://cdna.pcpartpicker.com/static/forever/images/product/3566a2b4f938d244ff5555cc5ad8fd52.256p.jpg
Intel Core i9-10850K 3.6 GHz 10-Core Processor,https://cdna.pcpartpicker.com/static/forever/images/product/16f496383b11d89632a9edf7ef503aea.256p.jpg
Intel Core i7-4770K 3.5 GHz Quad-Core Processor,https://cdna.pcpartpicker.com/static/forever/images/product/0817a8a69b3fa53b911056cd5c01262e.256p.jpg
Intel Core i7-10700 2.9 GHz 8-Core Processor,https://cdna.pcpartpicker.com/static/forever/images/product/6e4a9298687049841d3cb15170acc4cc.256p.jpg
AMD Ryzen 7 1700 3 GHz 8-Core Processor,https://cdna.pcpartpicker.com/static/forever/images/product/d57406e2534cf5ae6cb9141e656374f4.256p.jpg
Intel Core i9-13900KF 3 GHz 24-Core Processor,https://cdna.pcpartpicker.com/static/forever/images/product/ef583b00501fbe1d9df909c3ffe2b413.256p.jpg
Intel Core i7-9700F 3 GHz 8-Core Processor,https://cdna.pcpartpicker.com/static/forever/images/product/7fd1b17d82ba2d66a75dd8911b3a3d1b.256p.jpg
Intel Core i9-13900KS 3 GHz 24-Core Processor,https://cdna.pcpartpicker.com/static/forever/images/product/4129af6f0163dfd9dad75e57aae5a99d.256p.jpg
Intel Core i5-14500 2.6 GHz 14-Core Processor,https://cdna.pcpartpicker.com/static/forever/images/product/c70c79371c7131082c89348493ae7998.1600.jpg
AMD Ryzen 7 3700X 3.6 GHz 8-Core OEM/Tray Processor,https://cdna.pcpartpicker.com/static/forever/images/product/e729f016407018e8894b7db7eac671e8.256p.jpg
Intel Core i7-9700 3 GHz 8-Core Processor,https://cdna.pcpartpicker.com/static/forever/images/product/078cc8a672758e9b2e5314d9ab1f9244.256p.jpg
Intel Xeon E5-2687W V4 3 GHz 12-Core Processor,https://cdna.pcpartpicker.com/static/forever/images/product/acbbf09e0391f7599810e37d7ed1f9de.256p.jpg
AMD Athlon 3000G (14nm) 3.5 GHz Dual-Core Processor,https://cdna.pcpartpicker.com/static/forever/images/product/4cca7584d65df7a4e4b5298805e9552f.1600.jpg
Intel Core i7-3770K 3.5 GHz Quad-Core Processor,https:https://m.media-amazon.com/images/I/51YOxrhsT8L.jpg
Intel Core i5-11400 2.6 GHz 6-Core Processor,https://cdna.pcpartpicker.com/static/forever/images/product/c770299ed161e4589288e53b3c315088.256p.jpg
AMD EPYC 4564P 4.5 GHz 16-Core Processor,https://cdna.pcpartpicker.com/static/forever/images/product/bd024a4feb6bc64debca06eba27ce0c7.256p.jpg
Intel Core i5-11600K 3.9 GHz 6-Core Processor,https://cdna.pcpartpicker.com/static/forever/images/product/6881ec4618066263cbe6904e95ae9278.256p.jpg
Intel Core i7-11700KF 3.6 GHz 8-Core Processor,https://cdna.pcpartpicker.com/static/forever/images/product/965ab64fbbbf1a096201650af8b88699.256p.jpg
Intel Core i7-4770 3.4 GHz Quad-Core Processor,https://cdna.pcpartpicker.com/static/forever/images/product/2ee894e25a22610fb14cef95c9ce94b5.1600.jpg
AMD Ryzen 9 3900XT 3.8 GHz 12-Core Processor,https://cdna.pcpartpicker.com/static/forever/images/product/bb4c0b72e3f78893b1e5b19ab570b2c1.256p.jpg
AMD Ryzen 5 2400G 3.6 GHz Quad-Core Processor,https://cdna.pcpartpicker.com/static/forever/images/product/320f71912f65606aa2075161dc798c3d.1600.jpg
Intel Core Ultra 5 235 3.4 GHz 14-Core Processor,https://cdna.pcpartpicker.com/static/forever/images/product/e252c9d0aba0219dcae0b0bcd3894808.256p.jpg
AMD Ryzen 5 3600 3.6 GHz 6-Core OEM/Tray Processor,https://cdna.pcpartpicker.com/static/forever/images/product/1c98c8fccc44a3696129e74df5243312.256p.jpg
Intel Core i5-4690 3.5 GHz Quad-Core Processor,https:https://m.media-amazon.com/images/I/51vb+UYTxSL.jpg
Intel Core i5-2400 3.1 GHz Quad-Core Processor,https:https://m.media-amazon.com/images/I/51UxOzy0XpL.jpg.1600.jpg
Intel Core i5-7400 3 GHz Quad-Core Processor,https://cdna.pcpartpicker.com/static/forever/images/product/0c2441d24af10b2aff285308b4e32d03.256p.jpg
Intel Core i7-9700KF 3.6 GHz 8-Core Processor,https://cdna.pcpartpicker.com/static/forever/images/product/7a187be50026e221f31b55e76c3adf73.256p.jpg
Intel Core i5-10600KF 4.1 GHz 6-Core Processor,https://cdna.pcpartpicker.com/static/forever/images/product/d28d05f1c9972e51ef212760baca9612.256p.jpg
AMD Ryzen 7 1700X 3.4 GHz 8-Core Processor,https://cdna.pcpartpicker.com/static/forever/images/product/590d9c982550da4f2f69490c5f9c0902.256p.jpg
AMD Ryzen 5 1600X 3.6 GHz 6-Core Processor,https://cdna.pcpartpicker.com/static/forever/images/product/62069eabe77fa79c55158028545484f2.256p.jpg
AMD Ryzen 5 3600XT 3.8 GHz 6-Core Processor,https://cdna.pcpartpicker.com/static/forever/images/product/16ddfc2028922cd20cffaa6976165f84.1600.jpg
AMD Ryzen 5 5600X3D 3.3 GHz 6-Core Processor,https:/static/forever/img/no-image.png
Intel Core i9-10900KF 3.7 GHz 10-Core Processor,https://cdna.pcpartpicker.com/static/forever/images/product/02b522d67f1855b6e2916d800eb38bcf.256p.jpg
AMD Ryzen 5 3500 3.6 GHz 6-Core Processor,https://cdna.pcpartpicker.com/static/forever/images/product/bb5dfda7480ef06ca08f90bc6b9e0ee2.256p.jpg
Intel Core i5-9400 2.9 GHz 6-Core Processor,https://cdna.pcpartpicker.com/static/forever/images/product/64bf363daabaca441f6b8f07b54005cc.256p.jpg
Intel Core i5-7600K 3.8 GHz Quad-Core Processor,https://cdna.pcpartpicker.com/static/forever/images/product/02dbd0bb7cefb31a308b7f7ce6bf392e.256p.jpg
Intel Core i5-4590 3.3 GHz Quad-Core Processor,https:https://m.media-amazon.com/images/I/51vb+UYTxSL.jpg
Intel Core i5-3470 3.2 GHz Quad-Core Processor,https:https://m.media-amazon.com/images/I/51ywEF+YaiL.jpg
Intel Celeron G5905 3.5 GHz Dual-Core OEM/Tray Processor,https://cdna.pcpartpicker.com/static/forever/images/product/4e74ee4ede2abc74ce883111381c4462.256p.jpg
Intel Celeron G5900 3.4 GHz Dual-Core Processor,https://cdna.pcpartpicker.com/static/forever/images/product/6be6a2a6df1721fef27435a91c501521.256p.jpg
Intel Core i3-7100 3.9 GHz Dual-Core Processor,https:https://images-eu.ssl-images-amazon.com/images/I/511mRxIv4GL.jpg.1600.jpg
AMD FX-8350 4 GHz 8-Core Processor,https:https://m.media-amazon.com/images/I/511KbpvD7fL.jpg
Intel Core i3-7100T 3.4 GHz Dual-Core OEM/Tray Processor,https:https://m.media-amazon.com/images/I/51ar56B-zyL.jpg
Intel Core i7-11700 2.5 GHz 8-Core Processor,https://cdna.pcpartpicker.com/static/forever/images/product/8d5a39d0af57bddb57731195a8c1d58c.1600.jpg
Intel Core i7-6800K 3.4 GHz 6-Core Processor,https://cdna.pcpartpicker.com/static/forever/images/product/6a1373e54fbd08524d23f61ac7eb9711.256p.jpg
Intel Core i9-9900KS 4 GHz 8-Core Processor,https://cdna.pcpartpicker.com/static/forever/images/product/127d608f7abf20424afc8464bc416cfa.256p.jpg
Intel Core i7-13700 2.1 GHz 16-Core Processor,https://cdna.pcpartpicker.com/static/forever/images/product/e02f59843736d101374f75d18c244a30.256p.jpg
Intel Core i7-8700K 3.7 GHz 6-Core OEM/Tray Processor,https://cdna.pcpartpicker.com/static/forever/images/product/4c66195cca0b7d335a79c8649245abfa.256p.jpg
Intel Core i9-14900F 2 GHz 24-Core Processor,https://cdna.pcpartpicker.com/static/forever/images/product/9ad5851cc322799cc6c3352f6a899247.1600.jpg
Intel Core i9-9980XE 3 GHz 18-Core Processor,https://cdna.pcpartpicker.com/static/forever/images/product/19d02bd09fdd56c9d306559afd1dfff9.256p.jpg
Intel Celeron G6900 3.4 GHz Dual-Core Processor,https://cdna.pcpartpicker.com/static/forever/images/product/9741c4e0d5347f8b94409b0414f416db.256p.jpg
AMD Ryzen 7 3800XT 3.9 GHz 8-Core Processor,https://cdna.pcpartpicker.com/static/forever/images/product/7d225094c05f3106b9e7aab3873a6631.256p.jpg
Intel Core i9-11900KF 3.5 GHz 8-Core Processor,https://cdna.pcpartpicker.com/static/forever/images/product/bf7178722382122f3fbf2e53d32e99f6.256p.jpg
Intel Core i7-2600 3.4 GHz Quad-Core Processor,https:https://m.media-amazon.com/images/I/511EMznII9L.jpg
AMD Ryzen 5 1400 3.2 GHz Quad-Core Processor,https://cdna.pcpartpicker.com/static/forever/images/product/42897d7fd845792aaa6a666396777d04.256p.jpg
Intel Core i5-7600 3.5 GHz Quad-Core Processor,https://cdna.pcpartpicker.com/static/forever/images/product/0c2441d24af10b2aff285308b4e32d03.256p.jpg
Intel Core i3-10105F 3.7 GHz Quad-Core Processor,https://cdna.pcpartpicker.com/static/forever/images/product/104690dc90e6297964380eeb9204f524.1600.jpg
Intel Core i9-14900 2 GHz 24-Core Processor,https://cdna.pcpartpicker.com/static/forever/images/product/6bef271d59cd2a9b4f13fe95c18e2892.1600.jpg
Intel Core i5-6400 2.7 GHz Quad-Core Processor,https://cdna.pcpartpicker.com/static/forever/images/product/2f07bb4ae8d2d1b223130d6c177bbcc2.1600.jpg
AMD FX-6300 3.5 GHz 6-Core Processor,https://cdna.pcpartpicker.com/static/forever/images/product/d665dacd8ecefc1e5338899c0052dd93.1600.jpg
AMD Ryzen 5 1600 (12nm) 3.2 GHz 6-Core Processor,https://cdna.pcpartpicker.com/static/forever/images/product/2447958ccca245b5827bf05929f870e6.256p.jpg
AMD Ryzen 5 1500X 3.5 GHz Quad-Core Processor,https://cdna.pcpartpicker.com/static/forever/images/product/42897d7fd845792aaa6a666396777d04.256p.jpg
Intel Celeron 420 1.6 GHz Single-Core OEM/Tray Processor,https:https://images-fe.ssl-images-amazon.com/images/I/31%2BzKaYCucL.jpg
AMD Ryzen 7 1800X 3.6 GHz 8-Core Processor,https://cdna.pcpartpicker.com/static/forever/images/product/a12eab97aff3815b6707805450266034.256p.jpg
Intel Core i9-9900K 3.6 GHz 8-Core OEM/Tray Processor,https://cdna.pcpartpicker.com/static/forever/images/product/f4d973b5641fed5e6a0ea0116fcd3426.256p.jpg
Intel Core i3-10105 3.7 GHz Quad-Core Processor,https://cdna.pcpartpicker.com/static/forever/images/product/f4e07d2c312edb86a1afe494ed5cd645.1600.jpg
Intel Core i5-3570K 3.4 GHz Quad-Core Processor,https:https://m.media-amazon.com/images/I/51wwy3uSBOL.jpg
Intel Core i7-4790 3.6 GHz Quad-Core Processor,https://cdna.pcpartpicker.com/static/forever/images/product/c5de191eb0e991b8a2a6d20d66cf9a5f.256p.jpg
AMD Ryzen 3 3300X 3.8 GHz Quad-Core Processor,https://cdna.pcpartpicker.com/static/forever/images/product/614673693f9281d17b521cbf52799c68.256p.jpg
AMD Threadripper 1950X 3.4 GHz 16-Core Processor,https:https://m.media-amazon.com/images/I/51hzN4DjiDL.jpg.1600.jpg
Intel Core i5-6600 3.3 GHz Quad-Core Processor,https://cdna.pcpartpicker.com/static/forever/images/product/2f07bb4ae8d2d1b223130d6c177bbcc2.256p.jpg
AMD Threadripper 1920X 3.5 GHz 12-Core Processor,https://cdna.pcpartpicker.com/static/forever/images/product/dfb011931e97f85c79165ed9e97aec59.256p.jpg
Intel Core 2 Duo E8400 3 GHz Dual-Core OEM/Tray Processor,https:/static/forever/img/no-image.png
AMD Ryzen 5 9500F 3.8 GHz 6-Core OEM/Tray Processor,https:/static/forever/img/no-image.png
Intel Core i5-9400F 2.9 GHz 6-Core OEM/Tray Processor,https://cdna.pcpartpicker.com/static/forever/images/product/04f08a1dee17429cdf0a6021ebe5351d.256p.jpg
Intel Core i3-3220 3.3 GHz Dual-Core Processor,https:https://m.media-amazon.com/images/I/51KcX5RvY4L.jpg
Intel Pentium Gold G7400 3.7 GHz Dual-Core Processor,https://cdna.pcpartpicker.com/static/forever/images/product/eb5f4691a0ee2ac68328fbedd3956538.256p.jpg
Intel Core i9-13900 2 GHz 24-Core Processor,https://cdna.pcpartpicker.com/static/forever/images/product/6677778b05f29fbfd12dd49c16f2069f.256p.jpg
Intel Core i7-8700 3.2 GHz 6-Core OEM/Tray Processor,https://cdna.pcpartpicker.com/static/forever/images/product/0fcd072945a17e488acd2e3e5592785e.256p.jpg
AMD FX-6350 3.9 GHz 6-Core Processor,https://cdna.pcpartpicker.com/static/forever/images/product/a00d61cff204084081cdafdb26f36d1e.256p.jpg
Intel Core i9-12900F 2.4 GHz 16-Core Processor,https://cdna.pcpartpicker.com/static/forever/images/product/c709a7db2862582c1870c1b399fd7499.256p.jpg
Intel Celeron E3400 2.6 GHz Dual-Core Processor,https:https://images-na.ssl-images-amazon.com/images/I/41KETw2ka4L.jpg
Intel Core i7-5820K 3.3 GHz 6-Core Processor,https:https://m.media-amazon.com/images/I/51pPTqeTiRL.jpg
Intel Core i5-4670K 3.4 GHz Quad-Core Processor,https://cdna.pcpartpicker.com/static/forever/images/product/73e19374dc737ba0b428203d85c24a78.256p.jpg
AMD Ryzen 7 9700F 3.8 GHz 8-Core OEM/Tray Processor,https:/static/forever/img/no-image.png
AMD Threadripper 2970WX 3 GHz 24-Core Processor,https://cdna.pcpartpicker.com/static/forever/images/product/25622925b568c0fbb39f61b0383c39b4.1600.jpg
Intel Core i7-2600K 3.4 GHz Quad-Core Processor,https:https://images-na.ssl-images-amazon.com/images/I/51bCM4jw7oL.jpg
AMD Athlon II X2 240 2.8 GHz Dual-Core OEM/Tray Processor,https:/static/forever/img/no-image.png
AMD Ryzen 5 5500X3D 3 GHz 6-Core OEM/Tray Processor,https:/static/forever/img/no-image.png
Intel Xeon E5-2698 V4 2.2 GHz 20-Core OEM/Tray Processor,https:https://images-na.ssl-images-amazon.com/images/I/51lER8-DpVL.jpg
Intel Core i7-4790K 4 GHz Quad-Core OEM/Tray Processor,https:https://images-na.ssl-images-amazon.com/images/I/514cOpqlw3L.jpg
Intel Pentium Gold G6400 4 GHz Dual-Core Processor,https://cdna.pcpartpicker.com/static/forever/images/product/ab31eff2865edb93498c3ab8707d4c71.256p.jpg
Intel Core i7-7700K 4.2 GHz Quad-Core OEM/Tray Processor,https://cdna.pcpartpicker.com/static/forever/images/product/193949e9182e432fc45535b8a557b977.256p.jpg
Intel Core i7-8086K 4 GHz 6-Core Processor,https://cdna.pcpartpicker.com/static/forever/images/product/452fefc7712153b364268a36d1674efb.1600.jpg
Intel Core i7-9700K 3.6 GHz 8-Core OEM/Tray Processor,https://cdna.pcpartpicker.com/static/forever/images/product/fec30788a4d41b1c00c195dc6dffb4e9.256p.jpg
Intel Core i5-9600 3.1 GHz 6-Core Processor,https:https://m.media-amazon.com/images/I/416kzzc2KiL.jpg
AMD Ryzen 9 PRO 9945 3.4 GHz 12-Core OEM/Tray Processor,https:/static/forever/img/no-image.png
Intel Core i5-12600 3.3 GHz 6-Core Processor,https://cdna.pcpartpicker.com/static/forever/images/product/7a8133e4d1ab12830ce867e2958bbc2b.256p.jpg
Intel Core i5-6500 3.2 GHz Quad-Core OEM/Tray Processor,https://cdna.pcpartpicker.com/static/forever/images/product/68a2d7d02408cf9854c557a10603aa8b.256p.jpg
AMD FX-9590 4.7 GHz 8-Core OEM/Tray Processor,https://cdna.pcpartpicker.com/static/forever/images/product/af8e6181a8d4489c8613fc076130dc06.256p.jpg
Intel Xeon E5-2620 2 GHz 6-Core OEM/Tray Processor,https:https://images-na.ssl-images-amazon.com/images/I/512GDUjEwAL.jpg
Intel Pentium Gold G5420 3.8 GHz Dual-Core Processor,https://cdna.pcpartpicker.com/static/forever/images/product/680eb809ab070a6d9d121a37ffac13bb.256p.jpg
Intel Core i9-10900X 3.7 GHz 10-Core Processor,https://cdna.pcpartpicker.com/static/forever/images/product/d6ea76d2a63ade5759235829a6d63697.256p.jpg
Intel Core i7-6850K 3.6 GHz 6-Core Processor,https://cdna.pcpartpicker.com/static/forever/images/product/ba02f12ee3bb9892d21a4c3e26a3790f.1600.jpg
Intel Core i7-6700K 4 GHz Quad-Core OEM/Tray Processor,https://cdna.pcpartpicker.com/static/forever/images/product/ff61219ad339e92074ca68490a540ae4.256p.jpg
Intel Pentium G4400 3.3 GHz Dual-Core Processor,https://cdna.pcpartpicker.com/static/forever/images/product/c96e3edad99c0ec51123f5b9c2d4a811.256p.jpg
AMD Threadripper 1900X 3.8 GHz 8-Core Processor,https://cdna.pcpartpicker.com/static/forever/images/product/b68f29b453848519ea8bd70695cd027c.256p.jpg
Intel Core i9-9900 3.1 GHz 8-Core Processor,https://cdna.pcpartpicker.com/static/forever/images/product/da9f3c4ba2ab5a3be4a1342ab47e0afc.256p.jpg
Intel Core i9-10900 2.8 GHz 10-Core Processor,https://cdna.pcpartpicker.com/static/forever/images/product/2c0e54afceb3b128eef552ffa7b488ee.256p.jpg
Intel Core i5-7400T 2.4 GHz Quad-Core Processor,https://cdna.pcpartpicker.com/static/forever/images/product/af30c4076a25b69d6f721172010cc0ec.256p.jpg
Intel Core i5-11500 2.7 GHz 6-Core Processor,https://cdna.pcpartpicker.com/static/forever/images/product/ed81b3f4911beef4ee212f49dec938ee.256p.jpg
Intel Core i5-4440 3.1 GHz Quad-Core Processor,https://cdna.pcpartpicker.com/static/forever/images/product/0d6a3724134faabbccc1898c4f27c1dc.256p.jpg
Intel Core i5-7500T 2.7 GHz Quad-Core Processor,https://cdna.pcpartpicker.com/static/forever/images/product/af30c4076a25b69d6f721172010cc0ec.256p.jpg
Intel Core i7-7800X 3.5 GHz 6-Core Processor,https://cdna.pcpartpicker.com/static/forever/images/product/d89b878886f1e1afa45aa618a95f4136.256p.jpg
AMD Threadripper 2990WX 3 GHz 32-Core Processor,https://cdna.pcpartpicker.com/static/forever/images/product/376290bb9aa6669a3393dc8c0d266e5b.1600.jpg
Intel Core i9-9900K (Standard Folding Box) 3.6 GHz 8-Core Processor,https://cdna.pcpartpicker.com/static/forever/images/product/d6a4bfb6fab5e161ba810775a1cfcd4e.256p.jpg
Intel Core i5-8600 3.1 GHz 6-Core Processor,https:https://m.media-amazon.com/images/I/51yRjfYzahL.jpg
Intel Core i5-14500T 1.7 GHz 14-Core OEM/Tray Processor,https:/static/forever/img/no-image.png
Intel Core i7-7700 3.6 GHz Quad-Core OEM/Tray Processor,https:https://m.media-amazon.com/images/I/41GKAuFuNGL.jpg
Intel 300 3.9 GHz Dual-Core Processor,https://cdna.pcpartpicker.com/static/forever/images/product/47591ba76caa6bc7d3101448ae74d04f.256p.jpg
AMD FX-6100 3.3 GHz 6-Core OEM/Tray Processor,https:https://m.media-amazon.com/images/I/517P-S0mDvL.jpg
AMD Ryzen 5 3600X 3.8 GHz 6-Core OEM/Tray Processor,https://cdna.pcpartpicker.com/static/forever/images/product/fd7b679a51670fc1161384cf95ba464f.256p.jpg
Intel Celeron G3930 2.9 GHz Dual-Core Processor,https://cdna.pcpartpicker.com/static/forever/images/product/31b2666d1760c0e3ab072c0931f76f83.256p.jpg
Intel Core i7-2700K 3.5 GHz Quad-Core Processor,https:https://m.media-amazon.com/images/I/51iIPrsq5TL.jpg
AMD EPYC 4344P 3.8 GHz 8-Core Processor,https://cdna.pcpartpicker.com/static/forever/images/product/bd024a4feb6bc64debca06eba27ce0c7.256p.jpg
AMD Ryzen 3 1300X 3.5 GHz Quad-Core Processor,https://cdna.pcpartpicker.com/static/forever/images/product/7714a4b585034b6e4a3f2e230c2806f8.256p.jpg
AMD FX-8320 3.5 GHz 8-Core Processor,https:https://m.media-amazon.com/images/I/51rRMnzcyUL.jpg
Intel Xeon E5-2630 V4 2.2 GHz 10-Core Processor,https://cdna.pcpartpicker.com/static/forever/images/product/fe223eeb7f193ce69814603b89175472.256p.jpg
Intel Core i9-7900X 3.3 GHz 10-Core Processor,https://cdna.pcpartpicker.com/static/forever/images/product/934aeb46f8ae9d26bed3d673b7c635c9.256p.jpg
Intel Core i9-10920X 3.5 GHz 12-Core Processor,https://cdna.pcpartpicker.com/static/forever/images/product/f289869a9c93444d38bf7d98fcbe2407.256p.jpg
Intel Core i7-5930K 3.5 GHz 6-Core Processor,https://cdna.pcpartpicker.com/static/forever/images/product/c3a4d344bc087f70d7f757a933edb454.256p.jpg
Intel Core i7-4930K 3.4 GHz 6-Core Processor,https://cdna.pcpartpicker.com/static/forever/images/product/a1466e1823404679892cb38473e6c5fd.256p.jpg
AMD Ryzen 3 3200G 3.6 GHz Quad-Core OEM/Tray Processor,https://cdna.pcpartpicker.com/static/forever/images/product/1367e7b7cd727836ed3685b95c2be94e.256p.jpg
Intel Pentium G4560 3.5 GHz Dual-Core Processor,https://cdna.pcpartpicker.com/static/forever/images/product/78d5a83458df76aaff6112c60d482ff2.256p.jpg
AMD Ryzen 5 5600XT 3.7 GHz 6-Core OEM/Tray Processor,https://cdna.pcpartpicker.com/static/forever/images/product/a5984c355b088bf1632eca98efd25f8f.256p.jpg
AMD FX-4350 4.2 GHz Quad-Core Processor,https://cdna.pcpartpicker.com/static/forever/images/product/47df61e58e95efb22c12e87a7ed34236.med.256p.jpg
Intel Core i7-6950X 3 GHz 10-Core Processor,https:https://m.media-amazon.com/images/I/41RbzAmPg7L.jpg.1600.jpg
Intel Core i5-3330 3 GHz Quad-Core Processor,https:https://m.media-amazon.com/images/I/51A5dehZLVL.jpg.1600.jpg
AMD Ryzen 5 2600X 3.6 GHz 6-Core OEM/Tray Processor,https://cdna.pcpartpicker.com/static/forever/images/product/bd22e4deac30110021a64d9c7f9b8944.256p.jpg
AMD Ryzen 3 1200 (12nm) 3.1 GHz Quad-Core Processor,https://cdna.pcpartpicker.com/static/forever/images/product/2718f93893c0e844d4eb23c81d86b009.256p.jpg
Intel Core i7-7820X 3.6 GHz 8-Core Processor,https://cdna.pcpartpicker.com/static/forever/images/product/d89b878886f1e1afa45aa618a95f4136.256p.jpg
Intel Core i7-13700T 1.4 GHz 16-Core OEM/Tray Processor,https://cdna.pcpartpicker.com/static/forever/images/product/1e486767a2ba0bdf2727648eee3aed63.256p.jpg
Intel Core i3-6300 3.8 GHz Dual-Core Processor,https://cdna.pcpartpicker.com/static/forever/images/product/658d653a249ceebe43a5968afb50ad77.1600.jpg
Intel Core i5-2500 3.3 GHz Quad-Core Processor,https:https://images-na.ssl-images-amazon.com/images/I/51kN8BWH8oL.jpg
Intel Core i7-6700 3.4 GHz Quad-Core OEM/Tray Processor,https://cdna.pcpartpicker.com/static/forever/images/product/0781bce0501e1b38460c9f7bc2bf3714.256p.jpg
Intel Core i7-7740X 4.3 GHz Quad-Core Processor,https:https://m.media-amazon.com/images/I/514q5szhFSL.jpg.1600.jpg
AMD Phenom II X4 820 2.8 GHz Quad-Core OEM/Tray Processor,https://cdna.pcpartpicker.com/static/forever/images/product/d02d6ea62fae83eabde90fb02321d5ec.256p.jpg
Intel Core i7-3770S 3.1 GHz Quad-Core Processor,https:https://m.media-amazon.com/images/I/41AdizKOFYL.jpg
Intel Core i7-920 2.66 GHz Quad-Core Processor,https:https://images-na.ssl-images-amazon.com/images/I/51caAnBbK%2BL.jpg
Intel Core i3-2100 3.1 GHz Dual-Core Processor,https:https://m.media-amazon.com/images/I/51wyvjuFqVL.jpg
Intel Core i7-5960X 3 GHz 8-Core Processor,https://cdna.pcpartpicker.com/static/forever/images/product/cba263028a1b6a8e4f8960837de3c83a.256p.jpg
AMD EPYC 4465P 3.4 GHz 12-Core Processor,https://cdna.pcpartpicker.com/static/forever/images/product/892aed0b32342b4ac4b69c5f1d773dcb.1600.jpg
Intel Core i7-3930K 3.2 GHz 6-Core Processor,https:https://m.media-amazon.com/images/I/517LUhhYF3L.jpg
Intel Core 2 Quad Q9300 2.5 GHz Quad-Core OEM/Tray Processor,https://cdna.pcpartpicker.com/static/forever/images/product/74d128654a0f8f6aa738094c2911bfe9.256p.jpg
Intel Xeon E5-2667 V3 3.2 GHz 8-Core OEM/Tray Processor,https:/static/forever/img/no-image.png
AMD FX-8370 4 GHz 8-Core Processor,https:https://images-na.ssl-images-amazon.com/images/I/51fI4VaLoDL.jpg
Intel Xeon E5-2683 V4 2.1 GHz 16-Core Processor,https://cdna.pcpartpicker.com/static/forever/images/product/acbbf09e0391f7599810e37d7ed1f9de.256p.jpg
Intel Core i9-7980XE 2.6 GHz 18-Core OEM/Tray Processor,https://cdna.pcpartpicker.com/static/forever/images/product/86dc01a773c3d1f95ea91de2819a7848.256p.jpg
AMD FX-8350 4 GHz 8-Core Processor,https:https://m.media-amazon.com/images/I/313xmNM2AiL.jpg
Intel Core i5-8400T 1.7 GHz 6-Core OEM/Tray Processor,https:https://images-eu.ssl-images-amazon.com/images/I/41wcBEPMK1L.jpg.1600.jpg
Intel Core i5-4690 3.5 GHz Quad-Core OEM/Tray Processor,https:/static/forever/img/no-image.png
AMD 5350 2.05 GHz Quad-Core Processor,https:https://m.media-amazon.com/images/I/41VNja3ZP+L.jpg
Intel Core i7-9700 3 GHz 8-Core OEM/Tray Processor,https://cdna.pcpartpicker.com/static/forever/images/product/b386a89e62203f2d066ffffe5821300e.256p.jpg
Intel Core i7-4960X Extreme Edition 3.6 GHz 6-Core Processor,https://cdna.pcpartpicker.com/static/forever/images/product/a1466e1823404679892cb38473e6c5fd.256p.jpg
AMD Ryzen 5 5600T 3.5 GHz 6-Core OEM/Tray Processor,https://cdna.pcpartpicker.com/static/forever/images/product/a5984c355b088bf1632eca98efd25f8f.256p.jpg
AMD A10-9700 3.5 GHz Quad-Core Processor,https://cdna.pcpartpicker.com/static/forever/images/product/f1f3a3a9dcb445a935834152bbc64f05.256p.jpg
AMD Ryzen 9 3900 3.1 GHz 12-Core OEM/Tray Processor,https:/static/forever/img/no-image.png
Intel Core i7-9800X 3.8 GHz 8-Core Processor,https://cdna.pcpartpicker.com/static/forever/images/product/a773894fac49c9de7556159e453d4a37.256p.jpg
Intel Core i3-9350KF 4 GHz Quad-Core Processor,https://cdna.pcpartpicker.com/static/forever/images/product/b832802a56c229f75ef6adf54fad250c.256p.jpg
AMD A10-7850K 3.7 GHz Quad-Core Processor,https:https://m.media-amazon.com/images/I/516R3+3oLnL.jpg
Intel Core i7-8700T 2.4 GHz 6-Core OEM/Tray Processor,https:https://m.media-amazon.com/images/I/419bs0UMD0L.jpg.1600.jpg
AMD EPYC 4565P 4.3 GHz 16-Core Processor,https://cdna.pcpartpicker.com/static/forever/images/product/93d40a5558436eb5e63800c8df5956a7.256p.jpg
Intel Core i9-9900X 3.5 GHz 10-Core Processor,https:https://m.media-amazon.com/images/I/51j2qbkCT3L.jpg
Intel Xeon E5-2695 V3 2.3 GHz 14-Core Processor,https:https://m.media-amazon.com/images/I/51rLr1NagHL.jpg
Intel Core i7-4770S 3.1 GHz Quad-Core Processor,https://cdna.pcpartpicker.com/static/forever/images/product/07676ad3db15c1249435755181587c11.256p.jpg
Intel Core i3-8350K 4 GHz Quad-Core Processor,https://cdna.pcpartpicker.com/static/forever/images/product/c96f59d30a42a70cb371b93507d7eea1.256p.jpg
Intel Xeon E3-1220 V6 3 GHz Quad-Core Processor,https://cdna.pcpartpicker.com/static/forever/images/product/527689a6c15ca46365a5c1fa0804c613.256p.jpg
Intel Core i3-2120 3.3 GHz Dual-Core Processor,https:https://images-na.ssl-images-amazon.com/images/I/51wyvjuFqVL.jpg
Intel Celeron G3900 2.8 GHz Dual-Core OEM/Tray Processor,https:https://images-na.ssl-images-amazon.com/images/I/51niI34PUXL.jpg
Intel Xeon E5-2683 V4 2.1 GHz 16-Core OEM/Tray Processor,https:https://images-na.ssl-images-amazon.com/images/I/413etY4sE5L.jpg
Intel Xeon E5-2690 V2 3 GHz 10-Core Processor,https://cdna.pcpartpicker.com/static/forever/images/product/1977e519fd300ff7da2282bf2ecd8c71.256p.jpg
Intel Xeon E5-2697 V2 2.7 GHz 12-Core Processor,https://cdna.pcpartpicker.com/static/forever/images/product/e26bc40699d464c3ba4d51efadbea29b.256p.jpg
AMD Ryzen 5 2400G 3.6 GHz Quad-Core OEM/Tray Processor,https://cdna.pcpartpicker.com/static/forever/images/product/f7db92c656335d75ea27d1c702a9de97.256p.jpg
AMD 2650 1.45 GHz Dual-Core Processor,https:https://m.media-amazon.com/images/I/41Sl5JmW+0L.jpg
Intel Xeon E5-2640 V4 2.4 GHz 10-Core Processor,https://cdna.pcpartpicker.com/static/forever/images/product/fe223eeb7f193ce69814603b89175472.256p.jpg
Intel Core 2 Quad Q9550 2.83 GHz Quad-Core OEM/Tray Processor,https:https://m.media-amazon.com/images/I/416NByfLnVL.jpg
Intel Xeon E5-2630 V3 2.4 GHz 8-Core OEM/Tray Processor,https://cdna.pcpartpicker.com/static/forever/images/product/054650de7676839361cb9121e8c87189.med.256p.jpg
